"Id";"Designator";"Package";"Quantity";"Designation";"Supplier and ref";
1;"REF**,REF**,REF**,REF**,REF**,REF**,REF**,REF**";"M2_Hole_NPTH_Outside";8;"M2_Hole_NPTH_Outside";;;
2;"L13,L12,L1,L2,L3,L4,L5,L6,L7,L8,L9,L10,L11";"LED_WS2812B_PLCC4_5.0x5.0mm_P3.2mm";13;"WS2812B";;;
3;"U1";"ProMicro";1;"ProMicro";;;
4;"SW42,SW41,SW40,SW39,SW38,SW37,SW35,SW34,SW33,SW32,SW31,SW29,SW28,SW27,SW26,SW25,SW23,SW22,SW21,SW20,SW19,SW18,SW17,SW16,SW15,SW14,SW12,SW11,SW10,SW9,SW8,SW6,SW5,SW4,SW3,SW2";"MXOnly-1U-Hotswap";36;"SW_PUSH";;;
5;"RESET1";"ResetSW_1side";1;"SW_PUSH";;;
6;"D2,D3,D4,D5,D6,D8,D9,D10,D11,D12,D14,D15,D16,D17,D18,D19,D20,D21,D22,D23,D25,D26,D27,D28,D29,D31,D32,D33,D34,D35,D37,D38,D39,D40,D41,D42";"D_SOD-123";36;"1N4148W";;;
